id,behavior
0x006,MB_TALL_GRASS
0x007,MB_LONG_GRASS
0x00A,MB_TALL_GRASS
0x00B,MB_TALL_GRASS
0x00F,MB_LONG_GRASS_SOUTH_EDGE
0x012,MB_OCEAN_WATER
0x013,MB_OCEAN_WATER
0x014,MB_TALL_GRASS
0x015,MB_TALL_GRASS
0x01C,MB_OCEAN_WATER
0x01B,MB_OCEAN_WATER
0x064,MB_BERRY_TREE_SOIL
0x071,MB_MOUNTAIN_TOP
0x079,MB_MOUNTAIN_TOP
0x07D,MB_JUMP_SOUTH
0x07E,MB_JUMP_SOUTH
0x07F,MB_JUMP_SOUTH
0x085,MB_JUMP_WEST
0x086,MB_JUMP_EAST
0x094,MB_JUMP_WEST
0x095,MB_JUMP_WEST
0x096,MB_JUMP_EAST
0x097,MB_JUMP_EAST
0x099,MB_MOUNTAIN_TOP
0x09D,MB_JUMP_SOUTH
0x09E,MB_JUMP_SOUTH
0x09F,MB_JUMP_SOUTH
0x0A5,MB_JUMP_WEST
0x0A6,MB_JUMP_EAST
0x0B2,MB_MOUNTAIN_TOP
0x0B1,MB_ROCK_CLIMB
0x0B8,MB_ROCK_CLIMB
0x0B9,MB_ROCK_CLIMB
0x0BA,MB_ROCK_CLIMB
0x0BB,MB_MOUNTAIN_TOP
0x0BC,MB_MOUNTAIN_TOP
0x0BF,MB_NON_ANIMATED_DOOR
0x0C0,MB_ROCK_CLIMB
0x0C1,MB_ROCK_CLIMB
0x0C2,MB_ROCK_CLIMB
0x0C4,MB_JUMP_WEST
0x0C5,MB_JUMP_EAST
0x0C6,MB_JUMP_WEST
0x0C7,MB_JUMP_EAST
0x0C8,MB_ROCK_CLIMB
0x0C9,MB_ROCK_CLIMB
0x0CA,MB_ROCK_CLIMB
0x0CC,MB_JUMP_WEST
0x0CD,MB_JUMP_EAST
0x0CE,MB_JUMP_WEST
0x0CF,MB_JUMP_EAST
0x0D1,MB_MOUNTAIN_TOP
0x0D5,MB_JUMP_SOUTH
0x0D6,MB_JUMP_SOUTH
0x0D7,MB_JUMP_SOUTH
0x0DD,MB_JUMP_WEST
0x0DE,MB_JUMP_EAST
0x0E8,MB_MUDDY_SLOPE
0x0E9,MB_MUDDY_SLOPE
0x0EA,MB_MUDDY_SLOPE
0x0EB,MB_MUDDY_SLOPE
0x0ED,MB_OCEAN_WATER
0x0EE,MB_DEEP_WATER
0x0F0,MB_POND_WATER
0x0F1,MB_POND_WATER
0x0F2,MB_POND_WATER
0x0F3,MB_POND_WATER
0x0F4,MB_POND_WATER
0x0F5,MB_POND_WATER
0x0F6,MB_WATERFALL
0x0F9,MB_POND_WATER
0x0FB,MB_POND_WATER
0x0FC,MB_WATERFALL
0x0FD,MB_POND_WATER
0x0FE,MB_WATERFALL
0x0FF,MB_WATERFALL
0x103,MB_POND_WATER
0x104,MB_OCEAN_WATER
0x105,MB_POND_WATER
0x106,MB_POND_WATER
0x107,MB_POND_WATER
0x10E,MB_POND_WATER
0x10F,MB_POND_WATER
0x110,MB_OCEAN_WATER
0x111,MB_MOUNTAIN_TOP
0x112,MB_OCEAN_WATER
0x113,MB_OCEAN_WATER
0x114,MB_OCEAN_WATER
0x115,MB_OCEAN_WATER
0x119,MB_MOUNTAIN_TOP
0x11B,MB_OCEAN_WATER
0x11D,MB_OCEAN_WATER
0x123,MB_OCEAN_WATER
0x124,MB_OCEAN_WATER
0x125,MB_OCEAN_WATER
0x126,MB_SHALLOW_WATER
0x127,MB_SHALLOW_WATER
0x128,MB_SHALLOW_WATER
0x129,MB_SHALLOW_WATER
0x12A,MB_SHALLOW_WATER
0x12B,MB_OCEAN_WATER
0x12C,MB_OCEAN_WATER
0x12D,MB_OCEAN_WATER
0x12E,MB_SHALLOW_WATER
0x12F,MB_SHALLOW_WATER
0x130,MB_SHALLOW_WATER
0x131,MB_SHALLOW_WATER
0x132,MB_SHALLOW_WATER
0x133,MB_OCEAN_WATER
0x135,MB_OCEAN_WATER
0x136,MB_SHALLOW_WATER
0x137,MB_SHALLOW_WATER
0x138,MB_SHALLOW_WATER
0x139,MB_SHALLOW_WATER
0x13A,MB_SHALLOW_WATER
0x13B,MB_OCEAN_WATER
0x13C,MB_OCEAN_WATER
0x13D,MB_OCEAN_WATER
0x13E,MB_OCEAN_WATER
0x13F,MB_OCEAN_WATER
0x140,MB_SHALLOW_WATER
0x141,MB_SHALLOW_WATER
0x142,MB_OCEAN_WATER
0x143,MB_OCEAN_WATER
0x144,MB_SHALLOW_WATER
0x145,MB_SHALLOW_WATER
0x150,MB_OCEAN_WATER
0x151,MB_SAND
0x152,MB_OCEAN_WATER
0x153,MB_PUDDLE
0x154,MB_PUDDLE
0x155,MB_PUDDLE
0x156,MB_OCEAN_WATER
0x157,MB_OCEAN_WATER
0x158,MB_OCEAN_WATER
0x159,MB_SAND
0x15A,MB_OCEAN_WATER
0x15B,MB_PUDDLE
0x15C,MB_PUDDLE
0x15D,MB_PUDDLE
0x160,MB_OCEAN_WATER
0x161,MB_OCEAN_WATER
0x162,MB_OCEAN_WATER
0x163,MB_PUDDLE
0x164,MB_PUDDLE
0x165,MB_PUDDLE
0x181,MB_ANIMATED_DOOR
0x185,MB_ANIMATED_DOOR
0x191,MB_ANIMATED_DOOR
0x1A6,MB_ANIMATED_DOOR
0x1B0,MB_SIDEWAYS_STAIRS_LEFT_SIDE_TOP
0x1B1,MB_SIDEWAYS_STAIRS_RIGHT_SIDE_TOP
0x1B2,MB_SIDEWAYS_STAIRS_LEFT_SIDE_TOP
0x1B3,MB_SIDEWAYS_STAIRS_RIGHT_SIDE_TOP
0x1B4,MB_SIDEWAYS_STAIRS_LEFT_SIDE_TOP
0x1B5,MB_SIDEWAYS_STAIRS_RIGHT_SIDE_TOP
0x1B8,MB_SIDEWAYS_STAIRS_LEFT_SIDE
0x1B9,MB_SIDEWAYS_STAIRS_RIGHT_SIDE
0x1BA,MB_SIDEWAYS_STAIRS_LEFT_SIDE
0x1BB,MB_SIDEWAYS_STAIRS_RIGHT_SIDE
0x1BC,MB_SIDEWAYS_STAIRS_LEFT_SIDE
0x1BD,MB_SIDEWAYS_STAIRS_RIGHT_SIDE
0x1C0,MB_SIDEWAYS_STAIRS_LEFT_SIDE_BOTTOM
0x1C1,MB_SIDEWAYS_STAIRS_RIGHT_SIDE_BOTTOM
0x1C2,MB_SIDEWAYS_STAIRS_LEFT_SIDE_BOTTOM
0x1C3,MB_SIDEWAYS_STAIRS_RIGHT_SIDE_BOTTOM
0x1C4,MB_SIDEWAYS_STAIRS_LEFT_SIDE_BOTTOM
0x1C5,MB_SIDEWAYS_STAIRS_RIGHT_SIDE_BOTTOM
0x1CA,MB_SOUTH_ARROW_WARP
0x1E8,MB_EAST_ARROW_WARP
0x1EC,MB_WEST_ARROW_WARP
0x1EE,MB_NON_ANIMATED_DOOR
